"Status","Start Time","Stop Time","Duration in ms","Parent Suite","Suite","Sub Suite","Test Class","Test Method","Name","Description"
"passed","Mon Oct 05 07:57:50 UTC 2026","Mon Oct 05 07:58:05 UTC 2026","15062","","Checkout flow","","Add a product to the shopping cart, proceed to checkout and verify the checkout process","","Add a product to the shopping cart, proceed to checkout and verify the checkout process","  As a user
  I want to add products to the shopping cart, remove them and verify the cart contents
  So that I can manage my shopping cart effectively"
"passed","Mon Oct 05 07:58:16 UTC 2026","Mon Oct 05 07:58:18 UTC 2026","1163","","Shopping cart","","Remove one item out of several","","Remove one item out of several","  As a user
  I want to add products to the shopping cart
  So that I can review my selections before checkout"
"passed","Mon Oct 05 07:58:08 UTC 2026","Mon Oct 05 07:58:14 UTC 2026","6595","","Open Sauce Demo","","Login with invalid credentials from CSV","","Login with invalid credentials from CSV","  As a user
  I want to open the Sauce Demo website
  So that I can access the products and make purchases"
"passed","Mon Oct 05 07:58:20 UTC 2026","Mon Oct 05 07:58:21 UTC 2026","971","","Sorting Items","","Sort products by name Z to A","","Sort products by name Z to A","  As a user
  I want to sort items on the Sauce Demo website
  So that I can find products based on my preferences"
"passed","Mon Oct 05 07:58:06 UTC 2026","Mon Oct 05 07:58:08 UTC 2026","1384","","Checkout flow","","Add multiple items, and verify price is correctly calculated","","Add multiple items, and verify price is correctly calculated","  As a user
  I want to add products to the shopping cart, remove them and verify the cart contents
  So that I can manage my shopping cart effectively"
"passed","Mon Oct 05 07:58:19 UTC 2026","Mon Oct 05 07:58:20 UTC 2026","1067","","Shopping cart","","Remove then re-add same item, no duplicate","","Remove then re-add same item, no duplicate","  As a user
  I want to add products to the shopping cart
  So that I can review my selections before checkout"
"passed","Mon Oct 05 07:58:18 UTC 2026","Mon Oct 05 07:58:19 UTC 2026","1205","","Shopping cart","","Remove all items one by one","","Remove all items one by one","  As a user
  I want to add products to the shopping cart
  So that I can review my selections before checkout"
"passed","Mon Oct 05 07:58:15 UTC 2026","Mon Oct 05 07:58:16 UTC 2026","1016","","Shopping cart","","Add multiple items, verify all are present","","Add multiple items, verify all are present","  As a user
  I want to add products to the shopping cart
  So that I can review my selections before checkout"
"passed","Mon Oct 05 07:58:14 UTC 2026","Mon Oct 05 07:58:15 UTC 2026","993","","Shopping cart","","Add a product to the shopping cart, remove it and verify","","Add a product to the shopping cart, remove it and verify","  As a user
  I want to add products to the shopping cart
  So that I can review my selections before checkout"
"passed","Mon Oct 05 07:58:05 UTC 2026","Mon Oct 05 07:58:06 UTC 2026","1548","","Checkout flow","","Add multiple items, verify checkout overview list contains all items","","Add multiple items, verify checkout overview list contains all items","  As a user
  I want to add products to the shopping cart, remove them and verify the cart contents
  So that I can manage my shopping cart effectively"
